scope,field,status,source,platform_support,notes
all4.metadata,title.absolute,emitted,src/lib/seo/buildSupportMetadata.ts; src/lib/seo/supportPages.ts; src/lib/seo/siteMetadata.ts,https://nextjs.org/docs/app/api-reference/functions/generate-metadata,Eksakte godkjente sidetitler. Status emitted beskriver implementert kodeutdata; publisering og eksterne validatorresultater dokumenteres separat.
all4.metadata,description,emitted,src/lib/seo/buildSupportMetadata.ts; src/lib/seo/supportPages.ts; src/lib/seo/siteMetadata.ts,https://nextjs.org/docs/app/api-reference/functions/generate-metadata,Eksakt godkjent beskrivelse per side; gjenbrukes i OG/Twitter og sidegraf.
all4.metadata,alternates.canonical,emitted,src/lib/seo/buildSupportMetadata.ts; src/lib/seo/supportPages.ts; src/lib/seo/siteMetadata.ts,https://nextjs.org/docs/app/api-reference/functions/generate-metadata,Ren absolutt https://utekos.no-adresse fra absoluteUrl; ingen kampanjeparametere.
all4.metadata,robots.index,emitted,src/lib/seo/buildSupportMetadata.ts; src/lib/seo/supportPages.ts; src/lib/seo/siteMetadata.ts,https://nextjs.org/docs/app/api-reference/functions/generate-metadata,true utenfor VERCEL_ENV=preview; false i preview gjennom eksisterende robotbygger.
all4.metadata,robots.follow,emitted,src/lib/seo/buildSupportMetadata.ts; src/lib/seo/supportPages.ts; src/lib/seo/siteMetadata.ts,https://nextjs.org/docs/app/api-reference/functions/generate-metadata,true gjennom eksisterende robotbygger.
all4.metadata,robots.max-image-preview,emitted,src/lib/seo/buildSupportMetadata.ts; src/lib/seo/supportPages.ts; src/lib/seo/siteMetadata.ts,https://nextjs.org/docs/app/api-reference/functions/generate-metadata,large gjennom eksisterende robotbygger.
all4.metadata,robots.max-snippet,emitted,src/lib/seo/buildSupportMetadata.ts; src/lib/seo/supportPages.ts; src/lib/seo/siteMetadata.ts,https://nextjs.org/docs/app/api-reference/functions/generate-metadata,-1; ingen satt grense for tekstutdrag.
all4.opengraph,og:title,emitted,src/lib/seo/buildSupportMetadata.ts; src/lib/seo/supportPages.ts,https://developers.facebook.com/documentation/sharing/webmasters; https://nextjs.org/docs/app/api-reference/functions/generate-metadata,Samme tittel som title.absolute.
all4.opengraph,og:description,emitted,src/lib/seo/buildSupportMetadata.ts; src/lib/seo/supportPages.ts,https://developers.facebook.com/documentation/sharing/webmasters; https://nextjs.org/docs/app/api-reference/functions/generate-metadata,Samme beskrivelse som søkemetadata.
all4.opengraph,og:url,emitted,src/lib/seo/buildSupportMetadata.ts; src/lib/seo/supportPages.ts,https://developers.facebook.com/documentation/sharing/webmasters; https://nextjs.org/docs/app/api-reference/functions/generate-metadata,Samme rene absolutte adresse som canonical.
all4.opengraph,og:site_name,emitted,src/lib/seo/buildSupportMetadata.ts; src/lib/seo/supportPages.ts,https://developers.facebook.com/documentation/sharing/webmasters; https://nextjs.org/docs/app/api-reference/functions/generate-metadata,Utekos fra fellesidentiteten.
all4.opengraph,og:locale,emitted,src/lib/seo/buildSupportMetadata.ts; src/lib/seo/supportPages.ts,https://developers.facebook.com/documentation/sharing/webmasters; https://nextjs.org/docs/app/api-reference/functions/generate-metadata,nb_NO; norsk bokmål.
all4.opengraph,og:type,emitted,src/lib/seo/buildSupportMetadata.ts; src/lib/seo/supportPages.ts,https://developers.facebook.com/documentation/sharing/webmasters; https://nextjs.org/docs/app/api-reference/functions/generate-metadata,website for om oss/kontakt/størrelsesguide; article for vedlikehold.
maintenance.opengraph,article:modified_time,emitted,src/lib/seo/buildSupportMetadata.ts; src/lib/seo/supportPages.ts; src/app/(storefront)/handlehjelp/vask-og-vedlikehold/page.mdx,https://developers.facebook.com/documentation/sharing/webmasters,2026-09-01 fra synlig oppdateringsdato; ingen konstruert tid eller publiseringsdato.
all4.twitter,twitter:card,emitted,src/lib/seo/buildSupportMetadata.ts; src/lib/seo/supportPages.ts,https://nextjs.org/docs/app/api-reference/functions/generate-metadata,summary_large_image på alle fire sider.
all4.twitter,twitter:title,emitted,src/lib/seo/buildSupportMetadata.ts; src/lib/seo/supportPages.ts,https://nextjs.org/docs/app/api-reference/functions/generate-metadata,Samme godkjente sidetittel.
all4.twitter,twitter:description,emitted,src/lib/seo/buildSupportMetadata.ts; src/lib/seo/supportPages.ts,https://nextjs.org/docs/app/api-reference/functions/generate-metadata,Samme godkjente sidebeskrivelse.
all4.native_images,opengraph-image.jpg,emitted,"src/app/(storefront)/{om-oss,kontaktskjema,handlehjelp/storrelsesguide,handlehjelp/vask-og-vedlikehold}/opengraph-image.*; public/og-image-skreddersy-varmen.jpg",https://nextjs.org/docs/app/api-reference/file-conventions/metadata/opengraph-image; https://developers.facebook.com/documentation/sharing/webmasters/images,Uendrede bytekopier av public/og-image-skreddersy-varmen.jpg i hver av de fire rutemappene; midlertidige kort.
all4.native_images,opengraph-image.alt.txt,emitted,"src/app/(storefront)/{om-oss,kontaktskjema,handlehjelp/storrelsesguide,handlehjelp/vask-og-vedlikehold}/opengraph-image.*; public/og-image-skreddersy-varmen.jpg",https://nextjs.org/docs/app/api-reference/file-conventions/metadata/opengraph-image; https://developers.facebook.com/documentation/sharing/webmasters/images,To personer sitter ute på en terrasse i blå Utekos-varmeplagg.
all4.native_images,og:image,emitted,"src/app/(storefront)/{om-oss,kontaktskjema,handlehjelp/storrelsesguide,handlehjelp/vask-og-vedlikehold}/opengraph-image.*; public/og-image-skreddersy-varmen.jpg",https://nextjs.org/docs/app/api-reference/file-conventions/metadata/opengraph-image; https://developers.facebook.com/documentation/sharing/webmasters/images,Next.js filmetadata velger rutespesifikk JPEG og genererer bilde-URL; metadataobjektet har ingen egen images-nøkkel.
all4.native_images,og:image:type,emitted,"src/app/(storefront)/{om-oss,kontaktskjema,handlehjelp/storrelsesguide,handlehjelp/vask-og-vedlikehold}/opengraph-image.*; public/og-image-skreddersy-varmen.jpg",https://nextjs.org/docs/app/api-reference/file-conventions/metadata/opengraph-image; https://developers.facebook.com/documentation/sharing/webmasters/images,image/jpeg fra faktisk fil.
all4.native_images,og:image:width,emitted,"src/app/(storefront)/{om-oss,kontaktskjema,handlehjelp/storrelsesguide,handlehjelp/vask-og-vedlikehold}/opengraph-image.*; public/og-image-skreddersy-varmen.jpg",https://nextjs.org/docs/app/api-reference/file-conventions/metadata/opengraph-image; https://developers.facebook.com/documentation/sharing/webmasters/images,1200 fra faktisk fil.
all4.native_images,og:image:height,emitted,"src/app/(storefront)/{om-oss,kontaktskjema,handlehjelp/storrelsesguide,handlehjelp/vask-og-vedlikehold}/opengraph-image.*; public/og-image-skreddersy-varmen.jpg",https://nextjs.org/docs/app/api-reference/file-conventions/metadata/opengraph-image; https://developers.facebook.com/documentation/sharing/webmasters/images,630 fra faktisk fil.
all4.native_images,og:image:alt,emitted,"src/app/(storefront)/{om-oss,kontaktskjema,handlehjelp/storrelsesguide,handlehjelp/vask-og-vedlikehold}/opengraph-image.*; public/og-image-skreddersy-varmen.jpg",https://nextjs.org/docs/app/api-reference/file-conventions/metadata/opengraph-image; https://developers.facebook.com/documentation/sharing/webmasters/images,Fra tilhørende opengraph-image.alt.txt; oppdateres sammen med fremtidig originalkomposisjon.
all4.native_images,twitter:image,emitted,"src/app/(storefront)/{om-oss,kontaktskjema,handlehjelp/storrelsesguide,handlehjelp/vask-og-vedlikehold}/opengraph-image.*; public/og-image-skreddersy-varmen.jpg",https://nextjs.org/docs/app/api-reference/file-conventions/metadata/opengraph-image; https://developers.facebook.com/documentation/sharing/webmasters/images,Next.js fyller fra ferdig Open Graph-bilde; ingen konkurrerende twitter.images eller twitter-image-fil.
all4.native_images,twitter:image:alt,emitted,"src/app/(storefront)/{om-oss,kontaktskjema,handlehjelp/storrelsesguide,handlehjelp/vask-og-vedlikehold}/opengraph-image.*; public/og-image-skreddersy-varmen.jpg",https://nextjs.org/docs/app/api-reference/file-conventions/metadata/opengraph-image; https://developers.facebook.com/documentation/sharing/webmasters/images,Next.js overfører alt fra det ferdige Open Graph-bildet.
all4.native_images,image URL revision,emitted,"src/app/(storefront)/{om-oss,kontaktskjema,handlehjelp/storrelsesguide,handlehjelp/vask-og-vedlikehold}/opengraph-image.*; public/og-image-skreddersy-varmen.jpg",https://nextjs.org/docs/app/api-reference/file-conventions/metadata/opengraph-image; https://developers.facebook.com/documentation/sharing/webmasters/images,Next.js filmetadata genererer innholdsavhengig versjon; bildebytte krever nytt bygg og kontroll av ny URL.
all4.metadata,openGraph.images / twitter.images,not_applicable,src/lib/seo/buildSupportMetadata.ts; src/lib/seo/supportPages.ts,https://nextjs.org/docs/app/api-reference/file-conventions/metadata/opengraph-image,Utelatt med hensikt: også en egen images:undefined-nøkkel kan undertrykke filmetadata i installert Next.js 16.3.8.
all4.metadata,alternates.languages / hreflang,not_applicable,src/lib/seo/buildSupportMetadata.ts; src/lib/seo/supportPages.ts,https://nextjs.org/docs/app/api-reference/functions/generate-metadata; https://www.bing.com/webmasters/help/bing-webmaster-guidelines-30fba23a,Ingen dokumenterte alternative språkversjoner for disse sidene.
all4.metadata,twitter:site / twitter:creator,missing_evidence,src/lib/seo/buildSupportMetadata.ts; src/lib/seo/supportPages.ts,https://nextjs.org/docs/app/api-reference/functions/generate-metadata; https://www.bing.com/webmasters/help/bing-webmaster-guidelines-30fba23a,Ingen dokumentert X-konto eller forfatterkonto; ikke oppdiktet.
all4.metadata,metadata.authors,not_applicable,src/lib/seo/buildSupportMetadata.ts; src/lib/seo/supportPages.ts,https://nextjs.org/docs/app/api-reference/functions/generate-metadata; https://www.bing.com/webmasters/help/bing-webmaster-guidelines-30fba23a,Ingen ny forfatterattribusjon innført for informasjonssidene.
all4.metadata,keywords,not_applicable,src/lib/seo/buildSupportMetadata.ts; src/lib/seo/supportPages.ts,https://nextjs.org/docs/app/api-reference/functions/generate-metadata; https://www.bing.com/webmasters/help/bing-webmaster-guidelines-30fba23a,Ingen metanøkkelord innført som Google-tiltak; ikke del av godkjent metadata.
maintenance.opengraph,article:published_time,missing_evidence,src/lib/seo/buildSupportMetadata.ts; src/lib/seo/supportPages.ts,https://nextjs.org/docs/app/api-reference/functions/generate-metadata; https://www.bing.com/webmasters/help/bing-webmaster-guidelines-30fba23a,Første publiseringsdato for vedlikeholdsguiden er ikke dokumentert.
maintenance.opengraph,article:author,missing_evidence,src/lib/seo/buildSupportMetadata.ts; src/lib/seo/supportPages.ts,https://nextjs.org/docs/app/api-reference/functions/generate-metadata; https://www.bing.com/webmasters/help/bing-webmaster-guidelines-30fba23a,Ingen dokumentert artikkelforfatter for vedlikeholdsguiden.
all4.metadata,robots.noarchive / nocache / nosnippet,not_applicable,src/lib/seo/buildSupportMetadata.ts; src/lib/seo/supportPages.ts,https://nextjs.org/docs/app/api-reference/functions/generate-metadata; https://www.bing.com/webmasters/help/bing-webmaster-guidelines-30fba23a,Bevisst utelatt på offentlige sider; kan begrense søk/AI-bruk. Preview-indeksering styres separat.
all4.jsonld,@context,emitted,src/lib/seo/JSON-LD/buildSupportJsonLd.ts; src/lib/seo/supportPages.ts,https://schema.org/WebPage; https://developers.google.com/search/docs/appearance/structured-data/sd-policies,Schema.org-semantikk. https://schema.org.
all4.jsonld,@graph,emitted,src/lib/seo/JSON-LD/buildSupportJsonLd.ts; src/lib/seo/supportPages.ts,https://schema.org/WebPage; https://developers.google.com/search/docs/appearance/structured-data/sd-policies,Schema.org-semantikk. Én sidegraf per aktiv rutelayout; fellesidentiteten kommer fra rotlayout.
all4.jsonld,WebPage.@id,emitted,src/lib/seo/JSON-LD/buildSupportJsonLd.ts; src/lib/seo/supportPages.ts,https://schema.org/WebPage; https://developers.google.com/search/docs/appearance/structured-data/sd-policies,Schema.org-semantikk. Absolutt canonical + #webpage.
all4.jsonld,WebPage.@type,emitted,src/lib/seo/JSON-LD/buildSupportJsonLd.ts; src/lib/seo/supportPages.ts,https://schema.org/WebPage; https://developers.google.com/search/docs/appearance/structured-data/sd-policies,Schema.org-semantikk. AboutPage på om oss; ContactPage på kontakt; WebPage på begge guider.
all4.jsonld,WebPage.url,emitted,src/lib/seo/JSON-LD/buildSupportJsonLd.ts; src/lib/seo/supportPages.ts,https://schema.org/WebPage; https://developers.google.com/search/docs/appearance/structured-data/sd-policies,Schema.org-semantikk. Samme absolutte canonical som søke-/delingsmetadata.
all4.jsonld,WebPage.name,emitted,src/lib/seo/JSON-LD/buildSupportJsonLd.ts; src/lib/seo/supportPages.ts,https://schema.org/WebPage; https://developers.google.com/search/docs/appearance/structured-data/sd-policies,Schema.org-semantikk. Godkjent sidetittel fra samme register.
all4.jsonld,WebPage.description,emitted,src/lib/seo/JSON-LD/buildSupportJsonLd.ts; src/lib/seo/supportPages.ts,https://schema.org/WebPage; https://developers.google.com/search/docs/appearance/structured-data/sd-policies,Schema.org-semantikk. Godkjent beskrivelse fra samme register.
all4.jsonld,WebPage.inLanguage,emitted,src/lib/seo/JSON-LD/buildSupportJsonLd.ts; src/lib/seo/supportPages.ts,https://schema.org/WebPage; https://developers.google.com/search/docs/appearance/structured-data/sd-policies,Schema.org-semantikk. nb-NO fra siteIdentity.language.
all4.jsonld,WebPage.isPartOf.@id,emitted,src/lib/seo/JSON-LD/buildSupportJsonLd.ts; src/lib/seo/supportPages.ts,https://schema.org/WebPage; https://developers.google.com/search/docs/appearance/structured-data/sd-policies,Schema.org-semantikk. https://utekos.no/#website; eksisterende WebSite gjenbrukes.
all4.jsonld,WebPage.publisher.@id,emitted,src/lib/seo/JSON-LD/buildSupportJsonLd.ts; src/lib/seo/supportPages.ts,https://schema.org/WebPage; https://developers.google.com/search/docs/appearance/structured-data/sd-policies,Schema.org-semantikk. https://utekos.no/#organization; eksisterende OnlineStore gjenbrukes.
all4.jsonld,WebPage.breadcrumb.@id,emitted,src/lib/seo/JSON-LD/buildSupportJsonLd.ts; src/lib/seo/supportPages.ts,https://schema.org/WebPage; https://developers.google.com/search/docs/appearance/structured-data/sd-policies,Schema.org-semantikk. Canonical + #breadcrumb; peker til samme sidegrafs BreadcrumbList.
all4.breadcrumb,BreadcrumbList.@type,emitted,src/lib/seo/JSON-LD/buildSupportJsonLd.ts; src/lib/seo/supportPages.ts; src/assets/components/Breadcrumbs.tsx,https://developers.google.com/search/docs/appearance/structured-data/breadcrumb; https://schema.org/BreadcrumbList,BreadcrumbList på alle fire sider. Google har dokumentert brødsmulefunksjon; ingen visningsgaranti.
all4.breadcrumb,BreadcrumbList.@id,emitted,src/lib/seo/JSON-LD/buildSupportJsonLd.ts; src/lib/seo/supportPages.ts; src/assets/components/Breadcrumbs.tsx,https://developers.google.com/search/docs/appearance/structured-data/breadcrumb; https://schema.org/BreadcrumbList,Canonical + #breadcrumb; stabil grafidentitet. Google har dokumentert brødsmulefunksjon; ingen visningsgaranti.
all4.breadcrumb,BreadcrumbList.itemListElement,emitted,src/lib/seo/JSON-LD/buildSupportJsonLd.ts; src/lib/seo/supportPages.ts; src/assets/components/Breadcrumbs.tsx,https://developers.google.com/search/docs/appearance/structured-data/breadcrumb; https://schema.org/BreadcrumbList,To ListItem-elementer fra samme register som synlig navigasjon. Google har dokumentert brødsmulefunksjon; ingen visningsgaranti.
all4.breadcrumb,ListItem.@type,emitted,src/lib/seo/JSON-LD/buildSupportJsonLd.ts; src/lib/seo/supportPages.ts; src/assets/components/Breadcrumbs.tsx,https://developers.google.com/search/docs/appearance/structured-data/breadcrumb; https://schema.org/BreadcrumbList,ListItem. Google har dokumentert brødsmulefunksjon; ingen visningsgaranti.
all4.breadcrumb,ListItem.position,emitted,src/lib/seo/JSON-LD/buildSupportJsonLd.ts; src/lib/seo/supportPages.ts; src/assets/components/Breadcrumbs.tsx,https://developers.google.com/search/docs/appearance/structured-data/breadcrumb; https://schema.org/BreadcrumbList,1 og 2 i synlig rekkefølge. Google har dokumentert brødsmulefunksjon; ingen visningsgaranti.
all4.breadcrumb,ListItem.name,emitted,src/lib/seo/JSON-LD/buildSupportJsonLd.ts; src/lib/seo/supportPages.ts; src/assets/components/Breadcrumbs.tsx,https://developers.google.com/search/docs/appearance/structured-data/breadcrumb; https://schema.org/BreadcrumbList,Forsiden etterfulgt av eksisterende synlig sidemerke; ingen tekstendring. Google har dokumentert brødsmulefunksjon; ingen visningsgaranti.
all4.breadcrumb,ListItem.item,emitted,src/lib/seo/JSON-LD/buildSupportJsonLd.ts; src/lib/seo/supportPages.ts; src/assets/components/Breadcrumbs.tsx,https://developers.google.com/search/docs/appearance/structured-data/breadcrumb; https://schema.org/BreadcrumbList,Absolutt forsideadresse og aktuell canonical; også siste element har adresse. Google har dokumentert brødsmulefunksjon; ingen visningsgaranti.
all4.breadcrumb,intermediate /handlehjelp,not_applicable,Eksisterende navigasjonssti; /handlehjelp gir 404,https://developers.google.com/search/docs/appearance/structured-data/breadcrumb,Beholder direkte Forsiden → side; legger ikke inn et mellomledd uten fungerende side.
about.jsonld,AboutPage.mainEntity.@id,emitted,src/lib/seo/JSON-LD/buildSupportJsonLd.ts; src/app/(storefront)/om-oss/page.mdx; public/UtekosGrunder.webp,https://schema.org/AboutPage; https://schema.org/Person; https://schema.org/ImageObject,Schema.org-semantikk. Peker til den eksisterende Utekos-organisasjonen.
about.jsonld,AboutPage.about,emitted,src/lib/seo/JSON-LD/buildSupportJsonLd.ts; src/app/(storefront)/om-oss/page.mdx; public/UtekosGrunder.webp,https://schema.org/AboutPage; https://schema.org/Person; https://schema.org/ImageObject,Schema.org-semantikk. Refererer til Utekos-organisasjonen og Erling Holthe.
about.jsonld,Person.@type,emitted,src/lib/seo/JSON-LD/buildSupportJsonLd.ts; src/app/(storefront)/om-oss/page.mdx; public/UtekosGrunder.webp,https://schema.org/AboutPage; https://schema.org/Person; https://schema.org/ImageObject,Schema.org-semantikk. Person; ingen separat lovnad om Google-resultat for grunnlegger.
about.jsonld,Person.@id,emitted,src/lib/seo/JSON-LD/buildSupportJsonLd.ts; src/app/(storefront)/om-oss/page.mdx; public/UtekosGrunder.webp,https://schema.org/AboutPage; https://schema.org/Person; https://schema.org/ImageObject,Schema.org-semantikk. https://utekos.no/om-oss#erling-holthe.
about.jsonld,Person.name,emitted,src/lib/seo/JSON-LD/buildSupportJsonLd.ts; src/app/(storefront)/om-oss/page.mdx; public/UtekosGrunder.webp,https://schema.org/AboutPage; https://schema.org/Person; https://schema.org/ImageObject,Schema.org-semantikk. Erling Holthe fra synlig tekst.
about.jsonld,Person.jobTitle,emitted,src/lib/seo/JSON-LD/buildSupportJsonLd.ts; src/app/(storefront)/om-oss/page.mdx; public/UtekosGrunder.webp,https://schema.org/AboutPage; https://schema.org/Person; https://schema.org/ImageObject,Schema.org-semantikk. Grunnlegger av Utekos fra synlig bildetekst; ingen påstand om grunnleggelse av den juridiske enheten KELC AS.
about.jsonld,Person.url,emitted,src/lib/seo/JSON-LD/buildSupportJsonLd.ts; src/app/(storefront)/om-oss/page.mdx; public/UtekosGrunder.webp,https://schema.org/AboutPage; https://schema.org/Person; https://schema.org/ImageObject,Schema.org-semantikk. https://utekos.no/om-oss#historien; eksisterende fragment.
about.jsonld,Person.image.@id,emitted,src/lib/seo/JSON-LD/buildSupportJsonLd.ts; src/app/(storefront)/om-oss/page.mdx; public/UtekosGrunder.webp,https://schema.org/AboutPage; https://schema.org/Person; https://schema.org/ImageObject,Schema.org-semantikk. Refererer til #founder-image i samme graf.
about.jsonld,Person.subjectOf.@id,emitted,src/lib/seo/JSON-LD/buildSupportJsonLd.ts; src/app/(storefront)/om-oss/page.mdx; public/UtekosGrunder.webp,https://schema.org/AboutPage; https://schema.org/Person; https://schema.org/ImageObject,Schema.org-semantikk. Refererer til #webpage.
about.jsonld,ImageObject.@type,emitted,src/lib/seo/JSON-LD/buildSupportJsonLd.ts; src/app/(storefront)/om-oss/page.mdx; public/UtekosGrunder.webp,https://schema.org/AboutPage; https://schema.org/Person; https://schema.org/ImageObject,Schema.org-semantikk. ImageObject for faktisk synlig grunnleggerbilde; ikke delingskort.
about.jsonld,ImageObject.@id,emitted,src/lib/seo/JSON-LD/buildSupportJsonLd.ts; src/app/(storefront)/om-oss/page.mdx; public/UtekosGrunder.webp,https://schema.org/AboutPage; https://schema.org/Person; https://schema.org/ImageObject,Schema.org-semantikk. https://utekos.no/om-oss#founder-image.
about.jsonld,ImageObject.url / contentUrl,emitted,src/lib/seo/JSON-LD/buildSupportJsonLd.ts; src/app/(storefront)/om-oss/page.mdx; public/UtekosGrunder.webp,https://schema.org/AboutPage; https://schema.org/Person; https://schema.org/ImageObject,Schema.org-semantikk. https://utekos.no/UtekosGrunder.webp.
about.jsonld,ImageObject.encodingFormat,emitted,src/lib/seo/JSON-LD/buildSupportJsonLd.ts; src/app/(storefront)/om-oss/page.mdx; public/UtekosGrunder.webp,https://schema.org/AboutPage; https://schema.org/Person; https://schema.org/ImageObject,Schema.org-semantikk. image/webp.
about.jsonld,ImageObject.width,emitted,src/lib/seo/JSON-LD/buildSupportJsonLd.ts; src/app/(storefront)/om-oss/page.mdx; public/UtekosGrunder.webp,https://schema.org/AboutPage; https://schema.org/Person; https://schema.org/ImageObject,Schema.org-semantikk. 1000 fra faktisk bildefil.
about.jsonld,ImageObject.height,emitted,src/lib/seo/JSON-LD/buildSupportJsonLd.ts; src/app/(storefront)/om-oss/page.mdx; public/UtekosGrunder.webp,https://schema.org/AboutPage; https://schema.org/Person; https://schema.org/ImageObject,Schema.org-semantikk. 1250 fra faktisk bildefil.
about.jsonld,ImageObject.caption,emitted,src/lib/seo/JSON-LD/buildSupportJsonLd.ts; src/app/(storefront)/om-oss/page.mdx; public/UtekosGrunder.webp,https://schema.org/AboutPage; https://schema.org/Person; https://schema.org/ImageObject,Schema.org-semantikk. Eksisterende bildebeskrivelse: Erling Holthe i et blått varmeplagg ved vannet i solnedgangen.
about.jsonld,Person.birthDate / sameAs / credentials,missing_evidence,Ingen kilde i sideinnhold eller register,https://schema.org/Person,Utelatt; synlig navn og grunnleggertittel dokumenterer ikke ytterligere biografiske opplysninger.
contact.jsonld,ContactPage.about.@id,emitted,src/lib/seo/JSON-LD/buildSupportJsonLd.ts; src/lib/seo/siteIdentity.ts; src/lib/seo/JSON-LD/buildSiteJsonLd.ts,https://schema.org/ContactPage,Schema.org-semantikk. Peker til felles Utekos-organisasjon.
contact.jsonld,ContactPage.mainEntity.@id,emitted,src/lib/seo/JSON-LD/buildSupportJsonLd.ts; src/lib/seo/siteIdentity.ts; src/lib/seo/JSON-LD/buildSiteJsonLd.ts,https://schema.org/ContactPage,Schema.org-semantikk. https://utekos.no/#customer-service; ContactPoint er definert én gang inni rotgrafens OnlineStore.
sizeGuide+maintenance.jsonld,WebPage.about,emitted,src/lib/seo/JSON-LD/buildSupportJsonLd.ts; src/lib/seo/supportPages.ts; begge guiders page.mdx,https://schema.org/Thing; https://schema.org/about,Schema.org-semantikk. Fire navngitte produktfamilier som Thing; ingen kjøpstilbud.
sizeGuide+maintenance.jsonld,Thing.@type,emitted,src/lib/seo/JSON-LD/buildSupportJsonLd.ts; src/lib/seo/supportPages.ts; begge guiders page.mdx,https://schema.org/Thing; https://schema.org/about,Schema.org-semantikk. Thing; ikke Product eller ProductGroup.
sizeGuide+maintenance.jsonld,Thing.name,emitted,src/lib/seo/JSON-LD/buildSupportJsonLd.ts; src/lib/seo/supportPages.ts; begge guiders page.mdx,https://schema.org/Thing; https://schema.org/about,"Schema.org-semantikk. Utekos TechDown™, Utekos Dun™, Utekos Mikrofiber™ og Comfyrobe™."
sizeGuide+maintenance.jsonld,Thing.url,emitted,src/lib/seo/JSON-LD/buildSupportJsonLd.ts; src/lib/seo/supportPages.ts; begge guiders page.mdx,https://schema.org/Thing; https://schema.org/about,"Schema.org-semantikk. Eksisterende produktstier /produkter/utekos-techdown, /produkter/utekos-dun, /produkter/utekos-mikrofiber og /produkter/comfyrobe."
maintenance.jsonld,WebPage.mainEntity.@id,emitted,src/lib/seo/JSON-LD/buildSupportJsonLd.ts; src/lib/seo/supportPages.ts; src/app/(storefront)/handlehjelp/vask-og-vedlikehold/page.mdx,https://schema.org/Article; https://schema.org/WebPage,Schema.org-semantikk; ikke et særskilt anbefalt Google Article-felt. Canonical + #article; peker til Article i samme graf.
maintenance.jsonld,WebPage.dateModified,emitted,src/lib/seo/JSON-LD/buildSupportJsonLd.ts; src/lib/seo/supportPages.ts; src/app/(storefront)/handlehjelp/vask-og-vedlikehold/page.mdx,https://schema.org/Article; https://schema.org/WebPage,Schema.org-semantikk; ikke et særskilt anbefalt Google Article-felt. 2026-09-01; samme dokumenterte dato som Article.
maintenance.jsonld,Article.@type,emitted,src/lib/seo/JSON-LD/buildSupportJsonLd.ts; src/lib/seo/supportPages.ts; src/app/(storefront)/handlehjelp/vask-og-vedlikehold/page.mdx,https://schema.org/Article; https://schema.org/WebPage,Schema.org-semantikk; ikke et særskilt anbefalt Google Article-felt. Article for eksisterende vedlikeholdsguide; ingen nyhets-/Discover-garanti.
maintenance.jsonld,Article.@id,emitted,src/lib/seo/JSON-LD/buildSupportJsonLd.ts; src/lib/seo/supportPages.ts; src/app/(storefront)/handlehjelp/vask-og-vedlikehold/page.mdx,https://schema.org/Article; https://schema.org/WebPage,Schema.org-semantikk; ikke et særskilt anbefalt Google Article-felt. Canonical + #article; stabil grafidentitet.
maintenance.jsonld,Article.url,emitted,src/lib/seo/JSON-LD/buildSupportJsonLd.ts; src/lib/seo/supportPages.ts; src/app/(storefront)/handlehjelp/vask-og-vedlikehold/page.mdx,https://schema.org/Article; https://schema.org/WebPage,Schema.org-semantikk; ikke et særskilt anbefalt Google Article-felt. Samme canonical som siden.
maintenance.jsonld,Article.mainEntityOfPage.@id,emitted,src/lib/seo/JSON-LD/buildSupportJsonLd.ts; src/lib/seo/supportPages.ts; src/app/(storefront)/handlehjelp/vask-og-vedlikehold/page.mdx,https://schema.org/Article; https://schema.org/WebPage,Schema.org-semantikk; ikke et særskilt anbefalt Google Article-felt. Canonical + #webpage; gjensidig referanse.
maintenance.jsonld,Article.description,emitted,src/lib/seo/JSON-LD/buildSupportJsonLd.ts; src/lib/seo/supportPages.ts; src/app/(storefront)/handlehjelp/vask-og-vedlikehold/page.mdx,https://schema.org/Article; https://schema.org/WebPage,Schema.org-semantikk; ikke et særskilt anbefalt Google Article-felt. Godkjent sidebeskrivelse fra felles register.
maintenance.jsonld,Article.inLanguage,emitted,src/lib/seo/JSON-LD/buildSupportJsonLd.ts; src/lib/seo/supportPages.ts; src/app/(storefront)/handlehjelp/vask-og-vedlikehold/page.mdx,https://schema.org/Article; https://schema.org/WebPage,Schema.org-semantikk; ikke et særskilt anbefalt Google Article-felt. nb-NO.
maintenance.jsonld,Article.publisher.@id,emitted,src/lib/seo/JSON-LD/buildSupportJsonLd.ts; src/lib/seo/supportPages.ts; src/app/(storefront)/handlehjelp/vask-og-vedlikehold/page.mdx,https://schema.org/Article; https://schema.org/WebPage,Schema.org-semantikk; ikke et særskilt anbefalt Google Article-felt. Eksisterende Utekos-organisasjon; utgiver er ikke tilskrevet som forfatter.
maintenance.jsonld,Article.articleSection,emitted,src/lib/seo/JSON-LD/buildSupportJsonLd.ts; src/lib/seo/supportPages.ts; src/app/(storefront)/handlehjelp/vask-og-vedlikehold/page.mdx,https://schema.org/Article; https://schema.org/WebPage,Schema.org-semantikk; ikke et særskilt anbefalt Google Article-felt. Vask og vedlikehold.
maintenance.jsonld,Article.isAccessibleForFree,emitted,src/lib/seo/JSON-LD/buildSupportJsonLd.ts; src/lib/seo/supportPages.ts; src/app/(storefront)/handlehjelp/vask-og-vedlikehold/page.mdx,https://schema.org/Article; https://schema.org/WebPage,Schema.org-semantikk; ikke et særskilt anbefalt Google Article-felt. true; offentlige råd uten betalingsmur.
maintenance.jsonld,Article.about,emitted,src/lib/seo/JSON-LD/buildSupportJsonLd.ts; src/lib/seo/supportPages.ts; src/app/(storefront)/handlehjelp/vask-og-vedlikehold/page.mdx,https://schema.org/Article; https://schema.org/WebPage,Schema.org-semantikk; ikke et særskilt anbefalt Google Article-felt. De fire faktiske produktfamiliene som Thing.
maintenance.jsonld,Article.headline,emitted,src/lib/seo/JSON-LD/buildSupportJsonLd.ts; src/app/(storefront)/handlehjelp/vask-og-vedlikehold/page.mdx,https://developers.google.com/search/docs/appearance/structured-data/article; https://schema.org/dateModified,Google Article anbefalt egenskap. Riktig pleie. Varme som varer. fra eksisterende H1.
maintenance.jsonld,Article.dateModified,emitted,src/lib/seo/JSON-LD/buildSupportJsonLd.ts; src/app/(storefront)/handlehjelp/vask-og-vedlikehold/page.mdx,https://developers.google.com/search/docs/appearance/structured-data/article; https://schema.org/dateModified,Google Article anbefalt egenskap. 2026-09-01 fra synlig time[dateTime]; datopresisjon beholdes uten oppdiktet klokkeslett.
maintenance.jsonld,Article.author,missing_evidence,src/app/(storefront)/handlehjelp/vask-og-vedlikehold/page.mdx,https://developers.google.com/search/docs/appearance/structured-data/article,Google Article anbefalt egenskap; ingen obligatoriske Article-egenskaper i gjeldende guide. Guiden dokumenterer ingen forfatter. Grunnleggeren på om oss er ikke automatisk forfatter.
maintenance.jsonld,Article.datePublished,missing_evidence,src/app/(storefront)/handlehjelp/vask-og-vedlikehold/page.mdx,https://developers.google.com/search/docs/appearance/structured-data/article,Google Article anbefalt egenskap; ingen obligatoriske Article-egenskaper i gjeldende guide. Første publiseringsdato er ikke dokumentert; oppdateringsdato og byggtid brukes ikke som erstatning.
maintenance.jsonld,Article.image,missing_evidence,src/app/(storefront)/handlehjelp/vask-og-vedlikehold/page.mdx,https://developers.google.com/search/docs/appearance/structured-data/article,Google Article anbefalt egenskap; ingen obligatoriske Article-egenskaper i gjeldende guide. Intet dokumentert representativt innholdsbilde i guiden; midlertidig delingskort brukes ikke automatisk som artikkelbilde.
root.identity,OnlineStore.@type,emitted,src/lib/seo/siteIdentity.ts; src/lib/seo/JSON-LD/buildSiteJsonLd.ts; src/app/(storefront)/kontaktskjema/page.tsx,https://developers.google.com/search/docs/appearance/structured-data/organization,Eksisterende spesifikk Organization-undertype for Utekos. Google Organization dokumentert egenskap; ingen visningsgaranti.
root.identity,OnlineStore.name,emitted,src/lib/seo/siteIdentity.ts; src/lib/seo/JSON-LD/buildSiteJsonLd.ts; src/app/(storefront)/kontaktskjema/page.tsx,https://developers.google.com/search/docs/appearance/structured-data/organization,Utekos. Google Organization dokumentert egenskap; ingen visningsgaranti.
root.identity,OnlineStore.legalName,emitted,src/lib/seo/siteIdentity.ts; src/lib/seo/JSON-LD/buildSiteJsonLd.ts; src/app/(storefront)/kontaktskjema/page.tsx,https://developers.google.com/search/docs/appearance/structured-data/organization,KELC AS. Google Organization dokumentert egenskap; ingen visningsgaranti.
root.identity,OnlineStore.url,emitted,src/lib/seo/siteIdentity.ts; src/lib/seo/JSON-LD/buildSiteJsonLd.ts; src/app/(storefront)/kontaktskjema/page.tsx,https://developers.google.com/search/docs/appearance/structured-data/organization,https://utekos.no/. Google Organization dokumentert egenskap; ingen visningsgaranti.
root.identity,OnlineStore.description,emitted,src/lib/seo/siteIdentity.ts; src/lib/seo/JSON-LD/buildSiteJsonLd.ts; src/app/(storefront)/kontaktskjema/page.tsx,https://developers.google.com/search/docs/appearance/structured-data/organization,Eksisterende felles merkevarebeskrivelse; ikke endret av støtteoppgaven. Google Organization dokumentert egenskap; ingen visningsgaranti.
root.identity,OnlineStore.logo,emitted,src/lib/seo/siteIdentity.ts; src/lib/seo/JSON-LD/buildSiteJsonLd.ts; src/app/(storefront)/kontaktskjema/page.tsx,https://developers.google.com/search/docs/appearance/structured-data/organization,https://utekos.no/icon.png; eksisterende originalfil. Google Organization dokumentert egenskap; ingen visningsgaranti.
root.identity,OnlineStore.email / telephone,emitted,src/lib/seo/siteIdentity.ts; src/lib/seo/JSON-LD/buildSiteJsonLd.ts; src/app/(storefront)/kontaktskjema/page.tsx,https://developers.google.com/search/docs/appearance/structured-data/organization,Eksisterende kundeservice@utekos.no og +4740216343. Google Organization dokumentert egenskap; ingen visningsgaranti.
root.identity,OnlineStore.address,emitted,src/lib/seo/siteIdentity.ts; src/lib/seo/JSON-LD/buildSiteJsonLd.ts; src/app/(storefront)/kontaktskjema/page.tsx,https://developers.google.com/search/docs/appearance/structured-data/organization,"Eksisterende PostalAddress med streetAddress, postalCode, addressLocality og addressCountry. Google Organization dokumentert egenskap; ingen visningsgaranti."
root.identity,OnlineStore.contactPoint,emitted,src/lib/seo/siteIdentity.ts; src/lib/seo/JSON-LD/buildSiteJsonLd.ts; src/app/(storefront)/kontaktskjema/page.tsx,https://developers.google.com/search/docs/appearance/structured-data/organization,Eksisterende kundeservicekontakt gjenbrukes med ny stabil ID. Google Organization dokumentert egenskap; ingen visningsgaranti.
root.identity,ContactPoint.email,emitted,src/lib/seo/siteIdentity.ts; src/lib/seo/JSON-LD/buildSiteJsonLd.ts; src/app/(storefront)/kontaktskjema/page.tsx,https://developers.google.com/search/docs/appearance/structured-data/organization,kundeservice@utekos.no; samme som synlig kontaktside. Google Organization dokumentert egenskap; ingen visningsgaranti.
root.identity,ContactPoint.telephone,emitted,src/lib/seo/siteIdentity.ts; src/lib/seo/JSON-LD/buildSiteJsonLd.ts; src/app/(storefront)/kontaktskjema/page.tsx,https://developers.google.com/search/docs/appearance/structured-data/organization,+4740216343; samme som synlig kontaktside. Google Organization dokumentert egenskap; ingen visningsgaranti.
root.identity,OnlineStore.@id,emitted,src/lib/seo/siteIdentity.ts; src/lib/seo/JSON-LD/buildSiteJsonLd.ts,https://schema.org/OnlineStore; https://schema.org/ContactPoint; https://schema.org/WebSite,Schema.org-semantikk og grafkobling. https://utekos.no/#organization; én definisjon per dokument.
root.identity,OnlineStore.identifier,emitted,src/lib/seo/siteIdentity.ts; src/lib/seo/JSON-LD/buildSiteJsonLd.ts,https://schema.org/OnlineStore; https://schema.org/ContactPoint; https://schema.org/WebSite,Schema.org-semantikk og grafkobling. PropertyValue: propertyID=Organisasjonsnummer; value=925820393. Generisk identifier er ikke et felt i Googles Organization-egenskapsliste.
root.identity,ContactPoint.@type,emitted,src/lib/seo/siteIdentity.ts; src/lib/seo/JSON-LD/buildSiteJsonLd.ts,https://schema.org/OnlineStore; https://schema.org/ContactPoint; https://schema.org/WebSite,Schema.org-semantikk og grafkobling. ContactPoint.
root.identity,ContactPoint.@id,emitted,src/lib/seo/siteIdentity.ts; src/lib/seo/JSON-LD/buildSiteJsonLd.ts,https://schema.org/OnlineStore; https://schema.org/ContactPoint; https://schema.org/WebSite,Schema.org-semantikk og grafkobling. https://utekos.no/#customer-service; ny stabil ID for kontaktgrafens referanse.
root.identity,ContactPoint.contactType,emitted,src/lib/seo/siteIdentity.ts; src/lib/seo/JSON-LD/buildSiteJsonLd.ts,https://schema.org/OnlineStore; https://schema.org/ContactPoint; https://schema.org/WebSite,Schema.org-semantikk og grafkobling. kundeservice.
root.identity,ContactPoint.url,emitted,src/lib/seo/siteIdentity.ts; src/lib/seo/JSON-LD/buildSiteJsonLd.ts,https://schema.org/OnlineStore; https://schema.org/ContactPoint; https://schema.org/WebSite,Schema.org-semantikk og grafkobling. https://utekos.no/kontaktskjema.
root.identity,ContactPoint.availableLanguage,emitted,src/lib/seo/siteIdentity.ts; src/lib/seo/JSON-LD/buildSiteJsonLd.ts,https://schema.org/OnlineStore; https://schema.org/ContactPoint; https://schema.org/WebSite,"Schema.org-semantikk og grafkobling. nb-NO; språktilknytning, ingen påståtte åpningstider."
root.identity,WebSite.@type / @id,emitted,src/lib/seo/siteIdentity.ts; src/lib/seo/JSON-LD/buildSiteJsonLd.ts,https://schema.org/OnlineStore; https://schema.org/ContactPoint; https://schema.org/WebSite,Schema.org-semantikk og grafkobling. WebSite med https://utekos.no/#website; én eksisterende definisjon per dokument.
root.identity,WebSite.name / url,emitted,src/lib/seo/siteIdentity.ts; src/lib/seo/JSON-LD/buildSiteJsonLd.ts,https://schema.org/OnlineStore; https://schema.org/ContactPoint; https://schema.org/WebSite,Schema.org-semantikk og grafkobling. Utekos og https://utekos.no/ fra fellesidentiteten.
root.identity,WebSite.inLanguage,emitted,src/lib/seo/siteIdentity.ts; src/lib/seo/JSON-LD/buildSiteJsonLd.ts,https://schema.org/OnlineStore; https://schema.org/ContactPoint; https://schema.org/WebSite,Schema.org-semantikk og grafkobling. nb-NO.
root.identity,WebSite.publisher.@id,emitted,src/lib/seo/siteIdentity.ts; src/lib/seo/JSON-LD/buildSiteJsonLd.ts,https://schema.org/OnlineStore; https://schema.org/ContactPoint; https://schema.org/WebSite,Schema.org-semantikk og grafkobling. Refererer til felles OnlineStore.
root.identity,Organization.sameAs,missing_evidence,src/lib/seo/siteIdentity.ts; src/lib/seo/JSON-LD/buildSiteJsonLd.ts; støttesidenes synlige innhold,https://developers.google.com/search/docs/appearance/structured-data/organization; https://schema.org/ContactPoint,Ingen verifiserte eksterne identitetsprofiler i dette oppgavegrunnlaget.
root.identity,Organization.foundingDate,missing_evidence,src/lib/seo/siteIdentity.ts; src/lib/seo/JSON-LD/buildSiteJsonLd.ts; støttesidenes synlige innhold,https://developers.google.com/search/docs/appearance/structured-data/organization; https://schema.org/ContactPoint,Ingen juridisk grunnleggelsesdato dokumentert av støtteinnholdet.
root.identity,Organization.vatID / taxID / iso6523Code,missing_evidence,src/lib/seo/siteIdentity.ts; src/lib/seo/JSON-LD/buildSiteJsonLd.ts; støttesidenes synlige innhold,https://developers.google.com/search/docs/appearance/structured-data/organization; https://schema.org/ContactPoint,Organisasjonsnummeret omformes ikke automatisk til andre identifikatorsystemer.
root.identity,ContactPoint.hoursAvailable / areaServed,missing_evidence,src/lib/seo/siteIdentity.ts; src/lib/seo/JSON-LD/buildSiteJsonLd.ts; støttesidenes synlige innhold,https://developers.google.com/search/docs/appearance/structured-data/organization; https://schema.org/ContactPoint,Ikke dokumentert av kontaktsidens innhold eller eksisterende fellesidentitet.
all4.omissions,Product / ProductGroup / Offer / price / availability,not_applicable,Godkjent avgrensning; støttesidenes synlige innhold,https://developers.google.com/search/docs/appearance/structured-data/sd-policies; https://schema.org/,Disse informasjonssidene er ingen produkt-/tilbudssider; kommersielle produktfelt hører til produktsidene.
all4.omissions,AggregateRating / Review,not_applicable,Godkjent avgrensning; støttesidenes synlige innhold,https://developers.google.com/search/docs/appearance/structured-data/sd-policies; https://schema.org/,Ingen dokumentert vurderingssamling på disse fire sidene; ingen oppdiktede stjerner.
all4.omissions,Dataset / SizeSpecification,not_applicable,Godkjent avgrensning; støttesidenes synlige innhold,https://developers.google.com/search/docs/appearance/structured-data/sd-policies; https://schema.org/,Måltabellene er synlig veiledning; ingen ny produkt- eller datasettentitet er nødvendig for denne oppgaven.
all4.omissions,HowTo semantic markup,not_applicable,Godkjent avgrensning; støttesidenes synlige innhold,https://developers.google.com/search/docs/appearance/structured-data/sd-policies; https://schema.org/,Ingen HowTo innført; synlig pleietekst bevares uten utnyttelse av en avviklet Google-funksjon.
all4.omissions,FAQPage semantic markup,not_applicable,Godkjent avgrensning; støttesidenes synlige innhold,https://developers.google.com/search/docs/appearance/structured-data/sd-policies; https://schema.org/,Ingen FAQPage innført; eksisterende spørsmål/svar bevares uten løfte om FAQ-resultater.
all4.omissions,og:video / VideoObject,not_applicable,Godkjent avgrensning; støttesidenes synlige innhold,https://developers.google.com/search/docs/appearance/structured-data/sd-policies; https://schema.org/,Ingen ny dokumentert videoentitet i planens fire sidegrafer.
all4.omissions,paywall markup,not_applicable,Godkjent avgrensning; støttesidenes synlige innhold,https://developers.google.com/search/docs/appearance/structured-data/sd-policies; https://schema.org/,Offentlig gratis informasjon; ingen betalingsmur.
all4.omissions,Breadcrumb / Article enriched display guarantee,not_applicable,Godkjent avgrensning; støttesidenes synlige innhold,https://developers.google.com/search/docs/appearance/structured-data/sd-policies; https://schema.org/,Markup beskriver innhold; visning avgjøres av søkemotoren og dokumenteres først etter observasjon.
google.rich_results,FAQ rich result,unsupported,Ingen FAQPage lagt til,https://developers.google.com/search/updates?hl=en,"Google FAQ-resultater avviklet i mai 2026; status gjelder Google-funksjonen, ikke Schema.org-vokabularets gyldighet."
google.rich_results,HowTo rich result,unsupported,Ingen HowTo lagt til,https://developers.google.com/search/blog/2023/08/howto-faq-changes,"Google HowTo-resultater avviklet; status gjelder Google-funksjonen, ikke Schema.org-vokabularets gyldighet."
google.ai,custom AI schema / required AI file,unsupported,Ingen særskilt AI-schema eller AI-fil innført,https://developers.google.com/search/docs/appearance/ai-features,Google dokumenterer ingen slik obligatorisk utvidelse; ikke presentert som eget Google-støttet tiltak.
all4.sitemap,url,emitted,src/app/sitemap.ts; src/lib/seo/supportPages.ts,https://nextjs.org/docs/app/api-reference/file-conventions/metadata/sitemap,Alle fire eksisterende URL-oppføringer beholdes; absolutte produksjonsadresser.
maintenance.sitemap,lastModified,emitted,src/app/sitemap.ts; src/lib/seo/supportPages.ts; vedlikeholdsguidens synlige dato,https://nextjs.org/docs/app/api-reference/file-conventions/metadata/sitemap,2026-09-01; ikke bygg-/migreringstid.
about+contact+sizeGuide.sitemap,lastModified,missing_evidence,Ingen dokumenterte oppdateringsdatoer i oppgavegrunnlaget,https://nextjs.org/docs/app/api-reference/file-conventions/metadata/sitemap,Ingen konstruerte datoer innført.
about.sitemap,images,emitted,src/lib/seo/sitemapImages.ts; src/app/sitemap.ts,https://developers.google.com/search/docs/crawling-indexing/sitemaps/image-sitemaps,Eksisterende relevante innholdsbilder beholdes; ikke endret til nye delingskort.
all4.sitemap,metadata-only OG image entries,not_applicable,src/app/sitemap.ts; src/lib/seo/sitemapImages.ts,https://developers.google.com/search/docs/crawling-indexing/sitemaps/image-sitemaps,Nye delingskort legges ikke i bildesitemap.
crawl,robots.txt userAgent=* allow=/,emitted,src/app/robots.ts,https://developers.google.com/crawling/docs/crawlers-fetchers/google-common-crawlers; https://developers.facebook.com/documentation/sharing/webmasters/web-crawlers,Eksisterende åpen policy beholdes; ekte crawlertilgang krever også offentlig vert og fungerende nettverks-/WAF-regler.
crawl,htmlLimitedBots,emitted,next.config.ts,https://nextjs.org/docs/app/api-reference/config/next-config-js/htmlLimitedBots,Eksisterende /.*/ beholdes; statiske støttemetadata innfører ingen nye API-oppslag.
deployment,Vercel X-Robots-Tag / protection / WAF verification,missing_evidence,Ingen publisering av denne leveransen,https://vercel.com/docs/headers/response-headers,Må kontrolleres på faktisk v2-deploy; lokal metadata/noindex-test beviser ikke Vercels HTTP-header eller ekte crawleridentitet.
distribution,IndexNow submission,not_applicable,Ingen IndexNow-integrasjon eller innsending i oppgaven,https://www.indexnow.org/documentation,"Senere mulighet krever verifisert vert/nøkkel og publiserte endringer; HTTP 200 er mottak, ikke indekseringsgaranti."
all4.native_images,twitter:image:type,emitted,src/app/(storefront)/**/opengraph-image.jpg; installed Next.js resolved metadata,https://nextjs.org/docs/app/api-reference/file-conventions/metadata/opengraph-image,Observert i ferdig HTML: image/jpeg; arves fra det oppløste OG-bildet.
all4.native_images,twitter:image:width,emitted,src/app/(storefront)/**/opengraph-image.jpg; installed Next.js resolved metadata,https://nextjs.org/docs/app/api-reference/file-conventions/metadata/opengraph-image,Observert i ferdig HTML: 1200; arves fra det oppløste OG-bildet.
all4.native_images,twitter:image:height,emitted,src/app/(storefront)/**/opengraph-image.jpg; installed Next.js resolved metadata,https://nextjs.org/docs/app/api-reference/file-conventions/metadata/opengraph-image,Observert i ferdig HTML: 630; arves fra det oppløste OG-bildet.
all4.rendering,native JSON-LD script with active pathname guard,emitted,src/assets/components/SupportJsonLd.tsx; src/assets/components/SupportJsonLdScript.tsx,https://nextjs.org/docs/app/api-reference/functions/use-pathname; https://nextjs.org/docs/app/api-reference/config/next-config-js/cacheComponents,Serverlayout bygger og serialiserer grafen. Den lille klientgrensen serverrenderer native script på statiske ruter og fjerner inaktive grafer ved klientnavigasjon; testet også uten JavaScript.
